ad_type,impression,click,purchase,ctr,cvr
carousel,87545,10248,525,0.1170597978182649,0.05122950819672131
image,89022,10595,494,0.11901552425243199,0.046625766871165646
stories,109987,12916,687,0.11743206015256348,0.0531898420563642
video,56603,6736,344,0.1190042930586718,0.0510688836104513
