age_group,click,comment,impression,like,purchase,share,ctr,cvr
16-17,3536,373,30156,1051,159,165,0.11725693062740417,0.04496606334841629
18-24,12532,1257,106744,3766,644,631,0.11740238327212771,0.051388445579316946
25-34,16855,1727,142248,4987,857,806,0.11849024239356616,0.05084544645505785
35-44,5885,630,50020,1798,307,305,0.11765293882447021,0.052166525063721325
45-54,1348,128,11134,424,66,58,0.12107059457517513,0.04896142433234421
55-65,339,27,2855,119,17,13,0.11873905429071804,0.05014749262536873
