user_gender,click,comment,impression,like,purchase,share,ctr,cvr
female,13997,1379,117722,4061,719,676,0.11889876148893155,0.05136815031792527
male,22326,2309,190329,6821,1123,1085,0.1173021452327286,0.050300098539819045
other,4172,454,35106,1263,208,217,0.11884008431607132,0.04985618408437201
