ad_platform,impression,click,purchase,ctr,cvr
facebook,218042,25641,1333,0.11759660982746444,0.05198705198705199
instagram,125115,14854,717,0.1187227750469568,0.04826982630941161
